{
    "hueMin": 0.09966669976711273,
    "hueMax": 0.20439642667770387,
    "satMin": 0.5016935467720032,
    "satMax": 1.0,
    "valMin": 0.08615359663963318,
    "valMax": 1.0,
    "erode1Radius": 7,
    "dilateRadius": 19,
    "erode2Radius": 6,
    "minBlobPixels": 89,
    "positionSmoothing": 0.5,
    "velocitySmoothing": 0.20961670577526093,
    "deadReckonDuration": 0.4807686507701874,
    "maxVelocity": 5.0
}